{"empty_SDSSi": 1, "ND_OD1.0_SDSSi": 0.9907757757757757, "ND_OD0.01_SDSSi": 0.9952939520244553, "ND_OD0.3_SDSSi": 0.9901780016304156, "ND_OD0.5_SDSSi": 0.9811715378403244}